Date,Child Num,Tracking Num,Movierang,Books,Return Request Date,Returned Tracking Num,Return Status
2022-03-11,051,647126414831,,JB[1-1](1~4),2022-04-09,,
2022-03-11,052,647126414831,,SAME,2022-04-09,,
2022-03-11,181,647126414842,,RK[3](3-1~3-8),2022-04-09,,
2022-03-11,191,647126414853,,"DRA[3](6,10,11,20~24)",2022-04-09,,
2022-03-11,021,647126414864,,CH[3-2](1~4)+NG[3-2](21~24),2022-04-09,,
2022-03-11,151,647126414875,,HR3[3](2-9~3-6),2022-04-09,,
2022-03-11,161,647126414886,,"ZF[1-2](8,12,13,15)",2022-04-09,,
2022-03-11,162,647126414886,,CH[1-2](5~8)+NG[1-2](5~8),2022-04-09,,
2022-03-11,261,647126631256,,LTR[1](1-1~4-4),2022-04-09,,
2022-03-18,081,647278701651,3-2,JB[3-2](21~24),2022-04-16,,
2022-03-18,111,647278701662,3-1,JB[3-2](21~24),2022-04-16,,
2022-03-18,112,647278701662,,"CH[3-1](17~20)+NG[3-2](17,19~21)",2022-04-16,,
2022-03-18,121,647278701673,,NG[2-2](13~16)+NG[3-1](17~20),2022-04-16,,
2022-03-18,071,647278701684,,"ZF[2-2](9,12,16,17)",2022-04-16,,
2022-03-18,072,647278701684,,MSB[1](1~8),2022-04-16,,
2022-03-18,141,647278701695,,EC[2-2](13~16)+NG[1-1](1~4),2022-04-16,,
2022-03-18,201,647278701706,,"DRA[2-1](1,2,7,9)+RK[2-1](2-1~2-4)",2022-04-16,,
2022-03-18,262,647278708031,,ICR[1](2-1~2-6),2022-04-09,,
2022-03-25,241,647432766821,,"AD[3](17~21,24)+WW(1,2)",2022-04-23,,
2022-03-25,171,647432766832,,RK[3](3-1~3-8),2022-04-23,,
2022-03-25,172,647432766832,,SSS[1-2](5~8)+EC[1-2](5~8),2022-04-23,,
2022-03-25,131,647432766843,,ZF[1-1](1~4),2022-04-23,,
2022-03-25,211,647432766854,,"DRA[1](3~6,8~11)",2022-04-23,,
2022-03-25,061,647432766865,1-4,"ZF[2-2](14,18,19,22)",2022-04-23,,
2022-03-25,062,647432766865,,HR3[1](1-1~1-8),2022-04-23,,
2022-03-25,221,647432766876,1-4,"ZF[2-1](3,4,15,23)",2022-04-23,,
2022-03-25,222,647432766876,,"DRA[1](3~5,8~10,12,13)",2022-04-23,,
